Column1,Column2,Column3,Column4,Column5
Destination,Category,Subcategory,Review Counts,Links
Unawatuna Beach,Beaches & Coastal Destinations,South Coast,188,https://www.tripadvisor.com/Attraction_Review-g644047-d15708228-Reviews-Unawatuna_Beach-Unawatuna_Galle_District_Southern_Province.html
Mirissa Beach,Beaches & Coastal Destinations,South Coast,3157,https://www.tripadvisor.com/Attraction_Review-g1407334-d6104104-Reviews-Mirissa_Beach-Mirissa_Southern_Province.html
Weligama Beach,Beaches & Coastal Destinations,South Coast,231,https://www.tripadvisor.com/Attraction_Review-g612380-d13335957-Reviews-Weligama_Beach-Weligama_Matara_Southern_Province.html
Hikkaduwa Beach,Beaches & Coastal Destinations,South Coast,2425,https://www.tripadvisor.com/Attraction_Review-g304134-d7034305-Reviews-Hikkaduwa_Beach-Hikkaduwa_Galle_District_Southern_Province.html
Dalawella Beach,Beaches & Coastal Destinations,South Coast,118,https://www.tripadvisor.com/Attraction_Review-g297896-d12639582-Reviews-Dalawella_Beach-Galle_Galle_District_Southern_Province.html
Jungle Beach,Beaches & Coastal Destinations,South Coast,2860,https://www.tripadvisor.com/Attraction_Review-g644047-d3331573-Reviews-Jungle_Beach-Unawatuna_Galle_District_Southern_Province.html
Koggala Beach,Beaches & Coastal Destinations,South Coast,0,
Ahangama Beach,Beaches & Coastal Destinations,South Coast,0,
Matara Beach,Beaches & Coastal Destinations,South Coast,0,
Polhena Beach,Beaches & Coastal Destinations,South Coast,340,https://www.tripadvisor.com/Attraction_Review-g946553-d3137943-Reviews-Polhena_Beach-Matara_Southern_Province.html
Negombo Beach,Beaches & Coastal Destinations,West Coast,2915,https://www.tripadvisor.com/Attraction_Review-g297897-d1655656-Reviews-Negombo_Beach-Negombo_Western_Province.html
Mount Lavinia Beach,Beaches & Coastal Destinations,West Coast,1527,https://www.tripadvisor.com/Attraction_Review-g293962-d554029-Reviews-Mount_Lavinia_Beach-Colombo_Western_Province.html
Kalutara Beach,Beaches & Coastal Destinations,West Coast,740,https://www.tripadvisor.com/Attraction_Review-g304136-d7009635-Reviews-Kalutara_Beach-Kalutara_Western_Province.html
Bentota Beach,Beaches & Coastal Destinations,West Coast,2351,https://www.tripadvisor.com/Attraction_Review-g297895-d7029063-Reviews-Bentota_Beach-Bentota_Galle_District_Southern_Province.html
Beruwala Beach,Beaches & Coastal Destinations,West Coast,403,https://www.tripadvisor.com/Attraction_Review-g1189172-d7029062-Reviews-Beruwala_Beach-Beruwala_Western_Province.html
Moragalla Beach,Beaches & Coastal Destinations,West Coast,56,https://www.tripadvisor.com/Attraction_Review-g4366271-d10387604-Reviews-Moragalla_Beach-Moragalla_Beruwala_Western_Province.html
Wadduwa Beach,Beaches & Coastal Destinations,West Coast,110,https://www.tripadvisor.com/Attraction_Review-g499081-d13294424-Reviews-Wadduwa_Beach-Wadduwa_Western_Province.html
Panadura Beach,Beaches & Coastal Destinations,West Coast,48,https://www.tripadvisor.com/Attraction_Review-g1097569-d7935747-Reviews-Panadura_Beach-Panadura_Western_Province.html
Uswetakeiyawa Beach,Beaches & Coastal Destinations,West Coast,0,
Ambalangoda Beach,Beaches & Coastal Destinations,West Coast,0,
Arugam Bay,Beaches & Coastal Destinations,East Coast,443,https://www.tripadvisor.com/Attraction_Review-g3348959-d577794-Reviews-Arugam_Bay-Arugam_Bay_Eastern_Province.html
Passikudah Beach,Beaches & Coastal Destinations,East Coast,602,https://www.tripadvisor.com/Attraction_Review-g2193270-d8489256-Reviews-Passikudah_Beach-Kalkudah_Eastern_Province.html
Nilaveli Beach,Beaches & Coastal Destinations,East Coast,484,https://www.tripadvisor.com/Attraction_Review-g2424710-d7826949-Reviews-Nilaveli_Beach-Nilaveli_Eastern_Province.html
Uppuveli Beach,Beaches & Coastal Destinations,East Coast,150,https://www.tripadvisor.com/Attraction_Review-g424963-d10756130-Reviews-Uppuveli_Beach-Trincomalee_Eastern_Province.html
Marble Beach ,Beaches & Coastal Destinations,East Coast,408,https://www.tripadvisor.com/Attraction_Review-g424963-d3420218-Reviews-Marble_Beach-Trincomalee_Eastern_Province.html
Kalkudah Beach,Beaches & Coastal Destinations,East Coast,0,
Kabalana Beach,Beaches & Coastal Destinations,East Coast,41,https://www.tripadvisor.com/Attraction_Review-g674590-d13543631-Reviews-Kabalana_Beach-Ahangama_Galle_District_Southern_Province.html
Kallady Beach,Beaches & Coastal Destinations,East Coast,0,
Pigeon Point Beach,Beaches & Coastal Destinations,East Coast,1345,https://www.tripadvisor.com/Attraction_Review-g147392-d149274-Reviews-Pigeon_Point_Beach-Tobago_Trinidad_and_Tobago.html
Trincomalee Beach,Beaches & Coastal Destinations,East Coast,91,https://www.tripadvisor.com/Attraction_Review-g424963-d4470855-Reviews-Trincomalee_Beach-Trincomalee_Eastern_Province.html
Jaffna Beach,Beaches & Coastal Destinations,North & North-West,0,
Casuarina Beach ,Beaches & Coastal Destinations,North & North-West,213,https://www.tripadvisor.com/Attraction_Review-g304135-d3628837-Reviews-Casuarina_Beach-Jaffna_Northern_Province.html
Delft Island Beach,Beaches & Coastal Destinations,North & North-West,0,
Mannar Beach,Beaches & Coastal Destinations,North & North-West,0,
Silavathurai Beach,Beaches & Coastal Destinations,North & North-West,0,
Kalpitiya Kite Beach,Beaches & Coastal Destinations,North & North-West,1,https://www.tripadvisor.com/Attraction_Review-g1404719-d23080325-Reviews-Kalpitiya_Kite_Beach-Kalpitiya_North_Western_Province.html
Kandakuliya Beach,Beaches & Coastal Destinations,North & North-West,0,
Kudawa Beach,Beaches & Coastal Destinations,North & North-West,11,https://www.tripadvisor.com/Attraction_Review-g1404719-d13507700-Reviews-Kudawa_Beach-Kalpitiya_North_Western_Province.html
Uchchimuni Beach,Beaches & Coastal Destinations,North & North-West,0,
Marawila Beach,Beaches & Coastal Destinations,North & North-West,0,
Talalla Beach,Beaches & Coastal Destinations,Hidden & Special Coastal Spots,19,https://www.tripadvisor.com/Attraction_Review-g1937030-d17292123-Reviews-Talalla_Beach-Talalla_Southern_Province.html
Mawella Beach,Beaches & Coastal Destinations,Hidden & Special Coastal Spots,0,
Goyambokka Beach,Beaches & Coastal Destinations,Hidden & Special Coastal Spots,553,https://www.tripadvisor.com/Attraction_Review-g304142-d4068286-Reviews-Goyambokka_Beach-Tangalle_Southern_Province.html
Hiriketiya Beach,Beaches & Coastal Destinations,Hidden & Special Coastal Spots,160,https://www.tripadvisor.com/Attraction_Review-g25370863-d8504701-Reviews-Hiriketiya_Beach-Dodampahala_South_Southern_Province.html
Secret Beach ,Beaches & Coastal Destinations,Hidden & Special Coastal Spots,195,https://www.tripadvisor.com/Attraction_Review-g1407334-d13799739-Reviews-Secret_Beach-Mirissa_Southern_Province.html
Dikwella Beach,Beaches & Coastal Destinations,Hidden & Special Coastal Spots,0,
Hummanaya Blow Hole,Beaches & Coastal Destinations,Hidden & Special Coastal Spots,296,https://www.tripadvisor.com/Attraction_Review-g20147286-d2248931-Reviews-Hummanaya_Blow_Hole-Kudawella_Tangalle_Southern_Province.html
Kudiramalai Beach,Beaches & Coastal Destinations,Hidden & Special Coastal Spots,0,
Elephant Pass Lagoon Area,Beaches & Coastal Destinations,Hidden & Special Coastal Spots,0,
Puttalam Lagoon,Beaches & Coastal Destinations,Hidden & Special Coastal Spots,0,
Kokkilai Lagoon,Beaches & Coastal Destinations,Hidden & Special Coastal Spots,0,
Tangalle Lagoon,Beaches & Coastal Destinations,Hidden & Special Coastal Spots,255,https://www.tripadvisor.com/Attraction_Review-g304142-d1748074-Reviews-Tangalle_Lagoon-Tangalle_Southern_Province.html
Negombo Lagoon,Beaches & Coastal Destinations,Hidden & Special Coastal Spots,56,https://www.tripadvisor.com/Attraction_Review-g297897-d13965940-Reviews-Negombo_Lagoon-Negombo_Western_Province.html
Rekawa Beach,Beaches & Coastal Destinations,Hidden & Special Coastal Spots,0,
Medilla Beach,Beaches & Coastal Destinations,Hidden & Special Coastal Spots,86,https://www.tripadvisor.com/Attraction_Review-g304142-d4087707-Reviews-Medilla_Beach-Tangalle_Southern_Province.html
Medaketiya Activity Beach,Beaches & Coastal Destinations,Hidden & Special Coastal Spots,91,https://www.tripadvisor.com/Attraction_Review-g304142-d4087700-Reviews-Medaketiya_Activity_Beach-Tangalle_Southern_Province.html
Okanda Beach,Beaches & Coastal Destinations,Hidden & Special Coastal Spots,0,
Red Frog Beach,Beaches & Coastal Destinations,Hidden & Special Coastal Spots,0,
Kirinda Beach,Beaches & Coastal Destinations,Hidden & Special Coastal Spots,0,
Dondra Beach,Beaches & Coastal Destinations,Hidden & Special Coastal Spots,0,
Adamâ€™s Peak (Sri Pada),"Mountains, Hill Country & Scenic Views",Main Peaks,1719,https://www.tripadvisor.com/Attraction_Review-g2467807-d368124-Reviews-Sri_Pada_Adam_s_Peak-Sabaragamuwa_Province.html
Ella Rock,"Mountains, Hill Country & Scenic Views",Main Peaks,2065,https://www.tripadvisor.com/Attraction_Review-g616035-d2703056-Reviews-Ella_Rock-Ella_Uva_Province.html
Little Adamâ€™s Peak,"Mountains, Hill Country & Scenic Views",Main Peaks,5649,https://www.tripadvisor.com/Attraction_Review-g616035-d2478367-Reviews-Little_Adam_s_Peak_View_Point-Ella_Uva_Province.html
Diyaluma  Falls ,"Mountains, Hill Country & Scenic Views",Main Peaks,602,https://www.tripadvisor.com/Attraction_Review-g2136793-d2098090-Reviews-Diyaluma_Falls-Koslanda_Uva_Province.html
Horton Plains National Park,"Mountains, Hill Country & Scenic Views",Main Peaks,2645,https://www.tripadvisor.com/Attraction_Review-g608524-d2486502-Reviews-Horton_Plains_National_Park-Nuwara_Eliya_Central_Province.html
World's End,"Mountains, Hill Country & Scenic Views",Main Peaks,167,https://www.tripadvisor.com/Attraction_Review-g17551724-d4579301-Reviews-World_s_End-Pattipola_Central_Province.html
Bambarakanda Falls ,"Mountains, Hill Country & Scenic Views",Main Peaks,128,https://www.tripadvisor.com/Attraction_Review-g12549252-d1960476-Reviews-Bambarakanda_Falls-Kalupahana_Uva_Province.html
Lipton’s Seat,"Mountains, Hill Country & Scenic Views",Main Peaks,1126,https://www.tripadvisor.com/Attraction_Review-g1073495-d3655567-Reviews-Lipton_s_Seat-Haputale_Uva_Province.html
Hakgala Botanical Garden,"Mountains, Hill Country & Scenic Views",Main Peaks,657,https://www.tripadvisor.com/Attraction_Review-g608524-d3419603-Reviews-Hakgala_Botanic_Gardens-Nuwara_Eliya_Central_Province.html
Single Tree Hill (Nuwara Eliya),"Mountains, Hill Country & Scenic Views",Main Peaks,76,https://www.tripadvisor.com/Attraction_Review-g608524-d10759132-Reviews-Single_Tree_Hill-Nuwara_Eliya_Central_Province.html
Pedro Tea Estate,"Mountains, Hill Country & Scenic Views",Tea Country Views,919,https://www.tripadvisor.com/Attraction_Review-g608524-d6599638-Reviews-Pedro_Tea_Factory-Nuwara_Eliya_Central_Province.html
Damro Tea Viewpoint,"Mountains, Hill Country & Scenic Views",Tea Country Views,259,https://www.tripadvisor.com/Attraction_Review-g608524-d17234224-Reviews-Damro_Labookellie_Tea_Centre_and_Tea_Garden-Nuwara_Eliya_Central_Province.html
Mackwoods Tea Centre,"Mountains, Hill Country & Scenic Views",Tea Country Views,0,
Bluefield Tea Gardens,"Mountains, Hill Country & Scenic Views",Tea Country Views,1241,https://www.tripadvisor.com/Attraction_Review-g608524-d1982701-Reviews-Bluefield_Tea_Gardens-Nuwara_Eliya_Central_Province.html
Labookellie Tea Lounge View,"Mountains, Hill Country & Scenic Views",Tea Country Views,0,
 Nine Arches Bridge,"Mountains, Hill Country & Scenic Views",Mountain Towns,2950,https://www.tripadvisor.com/Attraction_Review-g616035-d4137010-Reviews-Nine_Arches_Bridge-Ella_Uva_Province.html
Ravana Ella Falls,"Mountains, Hill Country & Scenic Views",Mountain Towns,2175,https://www.tripadvisor.com/Attraction_Review-g616035-d2255787-Reviews-Ravana_Ella_Falls-Ella_Uva_Province.html
Demodara Loop,"Mountains, Hill Country & Scenic Views",Mountain Towns,144,https://www.tripadvisor.com/Attraction_Review-g616035-d4208535-Reviews-Demodara_Loop-Ella_Uva_Province.html
Nil Diya Pokuna,"Mountains, Hill Country & Scenic Views",Mountain Towns,40,https://www.tripadvisor.com/Attraction_Review-g616035-d17812884-Reviews-Nil_Diya_Pokuna-Ella_Uva_Province.html
Honey Bee Garden,"Mountains, Hill Country & Scenic Views",Mountain Towns,525,https://www.tripadvisor.com/Attraction_Review-g616035-d15275195-Reviews-Honey_Bee_Garden-Ella_Uva_Province.html
Knuckles Mountain Range,"Mountains, Hill Country & Scenic Views",Hiking Peaks,267,https://www.tripadvisor.com/Attraction_Review-g2467830-d2531096-Reviews-Knuckles_Mountain_Range-Central_Province.html
Kabaragala Mountain,"Mountains, Hill Country & Scenic Views",Hiking Peaks,4,https://www.tripadvisor.com/Attraction_Review-g2467807-d17469473-Reviews-Kabaragala_Mountain-Sabaragamuwa_Province.html
Riverstone Gap,"Mountains, Hill Country & Scenic Views",Hiking Peaks,40,https://www.tripadvisor.com/Attraction_Review-g1865780-d7610327-Reviews-Riverstone_Gap-Matale_Central_Province.html
Danigala Circular Rock,"Mountains, Hill Country & Scenic Views",Hiking Peaks,1,https://www.tripadvisor.com/Attraction_Review-g26672022-d26668890-Reviews-Danigala_Circular_Rock-Damminna_Polonnaruwa_North_Central_Province.html
Ambuluwawa Tower,"Mountains, Hill Country & Scenic Views",Hiking Peaks,104,https://www.tripadvisor.com/Attraction_Review-g1534660-d20314343-Reviews-Ambuluwawa_Tower-Gampola_Kandy_District_Central_Province.html
Bible Rock (Bathalegala),"Mountains, Hill Country & Scenic Views",Hiking Peaks,0,
Gombaniya Viewpoint,"Mountains, Hill Country & Scenic Views",Hiking Peaks,0,
Moon Plains,"Mountains, Hill Country & Scenic Views",Hiking Peaks,177,https://www.tripadvisor.com/Attraction_Review-g608524-d9455355-Reviews-Moon_Plains-Nuwara_Eliya_Central_Province.html
Bomburu Ella Waterfall,"Mountains, Hill Country & Scenic Views",Hiking Peaks,83,https://www.tripadvisor.com/Attraction_Review-g608524-d10727107-Reviews-Bomburu_Ella_Waterfall-Nuwara_Eliya_Central_Province.html
Veheragala Mountain,"Mountains, Hill Country & Scenic Views",Hiking Peaks,0,
Riverston,"Mountains, Hill Country & Scenic Views",Hidden Hill Spots,0,
Belihuloya,"Mountains, Hill Country & Scenic Views",Hidden Hill Spots,0,
Namunukula Trail View,"Mountains, Hill Country & Scenic Views",Hidden Hill Spots,0,
Ohiya Gap View,"Mountains, Hill Country & Scenic Views",Hidden Hill Spots,0,
Thotupola Kanda Nature Trail,"Mountains, Hill Country & Scenic Views",Hidden Hill Spots,20,https://www.tripadvisor.com/Attraction_Review-g2562188-d3747039-Reviews-Thotupola_Kanda_Nature_Trail-Ohiya_Uva_Province.html
Great Western Mountain,"Mountains, Hill Country & Scenic Views",Hidden Hill Spots,0,
Piduruthalagala ,"Mountains, Hill Country & Scenic Views",Hidden Hill Spots,90,https://www.tripadvisor.com/Attraction_Review-g608524-d7148311-Reviews-Pidurutalagala-Nuwara_Eliya_Central_Province.html
Udaweriya Tea Estate View,"Mountains, Hill Country & Scenic Views",Hidden Hill Spots,0,
Kirigalpoththa Peak,"Mountains, Hill Country & Scenic Views",Hidden Hill Spots,39,https://www.tripadvisor.com/Attraction_Review-g2562188-d3726130-Reviews-Kirigalpoththa_Hike-Ohiya_Uva_Province.html
Alawola Mountain View,"Mountains, Hill Country & Scenic Views",Hidden Hill Spots,0,
Nildiyasevana Cave View Area,"Mountains, Hill Country & Scenic Views",Hidden Hill Spots,0,
Knuckles Viewpoint (Deanston),"Mountains, Hill Country & Scenic Views",Hidden Hill Spots,0,
Dunhinda Falls,"Mountains, Hill Country & Scenic Views",Hidden Hill Spots,128,https://www.tripadvisor.com/Attraction_Review-g1950222-d2571915-Reviews-Dunhinda_Falls-Badulla_Uva_Province.html
Balangoda Scenic Valley,"Mountains, Hill Country & Scenic Views",Hidden Hill Spots,0,
Meemure Mountain Views,"Mountains, Hill Country & Scenic Views",Hidden Hill Spots,0,
Namunukula Tea Trails,"Mountains, Hill Country & Scenic Views",Hidden Hill Spots,0,
Diyathalawa Viewpoint,"Mountains, Hill Country & Scenic Views",Hidden Hill Spots,0,
Horton Mini Trail View,"Mountains, Hill Country & Scenic Views",Hidden Hill Spots,0,
Rakwana Hills Viewpoint,"Mountains, Hill Country & Scenic Views",Hidden Hill Spots,0,
Nine Arches Bridge,"Mountains, Hill Country & Scenic Views",Hidden Hill Spots,2950,https://www.tripadvisor.com/Attraction_Review-g616035-d4137010-Reviews-Nine_Arches_Bridge-Ella_Uva_Province.html
Kithulgala Rafting,"Mountains, Hill Country & Scenic Views",Hidden Hill Spots,0,
Namunukula Pass,"Mountains, Hill Country & Scenic Views",Hidden Hill Spots,0,
Namunukula Forest Lookout,"Mountains, Hill Country & Scenic Views",Hidden Hill Spots,0,
Riverston Peak,"Mountains, Hill Country & Scenic Views",Hidden Hill Spots,0,
Ohiya Scenic Stop,"Mountains, Hill Country & Scenic Views",Hidden Hill Spots,0,
Diyaluma Falls,"Waterfalls, Rivers & Nature Spots",Major Waterfalls,0,
Bambarakanda Falls,"Waterfalls, Rivers & Nature Spots",Major Waterfalls,128,https://www.tripadvisor.com/Attraction_Review-g12549252-d1960476-Reviews-Bambarakanda_Falls-Kalupahana_Uva_Province.html
Dunhinda Falls,"Waterfalls, Rivers & Nature Spots",Major Waterfalls,0,
Ravana Falls,"Waterfalls, Rivers & Nature Spots",Major Waterfalls,0,
St Clair's Falls,"Waterfalls, Rivers & Nature Spots",Major Waterfalls,323,https://www.tripadvisor.com/Attraction_Review-g608524-d4260463-Reviews-St_Clair_s_Falls-Nuwara_Eliya_Central_Province.html
Devon Falls,"Waterfalls, Rivers & Nature Spots",Major Waterfalls,271,https://www.tripadvisor.com/Attraction_Review-g608524-d4260453-Reviews-Devon_Falls-Nuwara_Eliya_Central_Province.html
Aberdeen Falls,"Waterfalls, Rivers & Nature Spots",Major Waterfalls,33,https://www.tripadvisor.com/Attraction_Review-g6593711-d12391730-Reviews-Aberdeen_Falls-Ginigathena_Central_Province.html
Bakers Falls,"Waterfalls, Rivers & Nature Spots",Major Waterfalls,182,https://www.tripadvisor.com/Attraction_Review-g2467811-d4173246-Reviews-Baker_s_Falls-Uva_Province.html
Galboda Falls,"Waterfalls, Rivers & Nature Spots",Major Waterfalls,25,https://www.tripadvisor.com/Attraction_Review-g6593734-d10355562-Reviews-Galboda_Falls-Nawalapitiya_Kandy_District_Central_Province.html
Ramboda Waterfalls,"Waterfalls, Rivers & Nature Spots",Major Waterfalls,564,https://www.tripadvisor.com/Attraction_Review-g3221633-d3421171-Reviews-Ramboda_Waterfall-Pussellawa_Kandy_District_Central_Province.html
Bopath Ella (Bopath Falls),"Waterfalls, Rivers & Nature Spots",Medium & Hidden Waterfalls,49,https://www.tripadvisor.com/Attraction_Review-g3312576-d4155898-Reviews-Bopath_Ella_Bopath_Falls-Kuruwita_Sabaragamuwa_Province.html
Lovers Leap Falls,"Waterfalls, Rivers & Nature Spots",Medium & Hidden Waterfalls,506,https://www.tripadvisor.com/Attraction_Review-g608524-d4106831-Reviews-Lover_s_Leap_Falls-Nuwara_Eliya_Central_Province.html
Dunhinda Falls,"Waterfalls, Rivers & Nature Spots",Medium & Hidden Waterfalls,128,https://www.tripadvisor.com/Attraction_Review-g1950222-d2571915-Reviews-Dunhinda_Falls-Badulla_Uva_Province.html
Alagalla Mountain Range,"Mountains, Hill Country & Scenic Views",Hidden Hill Spots,25,https://www.tripadvisor.com/Attraction_Review-g304138-d7001504-Reviews-Alagalla_Mountain_Range-Kandy_Kandy_District_Central_Province.html
Laxapana Falls,"Waterfalls, Rivers & Nature Spots",Medium & Hidden Waterfalls,25,https://www.tripadvisor.com/Attraction_Review-g612383-d10375234-Reviews-Laxapana_Falls-Hatton_Central_Province.html
Galpoththa Natural Water Slide,"Waterfalls, Rivers & Nature Spots",Medium & Hidden Waterfalls,8,https://www.tripadvisor.com/Attraction_Review-g6593734-d13973033-Reviews-Sudugala_Falls-Nawalapitiya_Kandy_District_Central_Province.html#REVIEWS
Kadiyanlena Falls,"Waterfalls, Rivers & Nature Spots",Medium & Hidden Waterfalls,20,https://www.tripadvisor.com/Attraction_Review-g6593734-d13973580-Reviews-Kadiyanlena_Falls-Nawalapitiya_Kandy_District_Central_Province.html
Geradi Ella,"Waterfalls, Rivers & Nature Spots",Medium & Hidden Waterfalls,0,
Dothalugala Falls,"Waterfalls, Rivers & Nature Spots",Medium & Hidden Waterfalls,0,
Bomburu Ella Waterfall,"Waterfalls, Rivers & Nature Spots",Medium & Hidden Waterfalls,83,https://www.tripadvisor.com/Attraction_Review-g608524-d10727107-Reviews-Bomburu_Ella_Waterfall-Nuwara_Eliya_Central_Province.html
Pareiyan Ella,"Waterfalls, Rivers & Nature Spots",Medium & Hidden Waterfalls,0,
Elgin Falls,"Waterfalls, Rivers & Nature Spots",Medium & Hidden Waterfalls,0,
Gartmore Falls,"Waterfalls, Rivers & Nature Spots",Medium & Hidden Waterfalls,0,
Kirindi Ella,"Waterfalls, Rivers & Nature Spots",Medium & Hidden Waterfalls,0,
Koslanda Falls,"Waterfalls, Rivers & Nature Spots",Medium & Hidden Waterfalls,0,
Surathali Ella,"Waterfalls, Rivers & Nature Spots",Medium & Hidden Waterfalls,0,
Udugama Falls,"Waterfalls, Rivers & Nature Spots",Medium & Hidden Waterfalls,0,
Thudugala Ella,"Waterfalls, Rivers & Nature Spots",Medium & Hidden Waterfalls,0,
Wangedigala Falls,"Waterfalls, Rivers & Nature Spots",Medium & Hidden Waterfalls,0,
Bulathkohupitiya Falls,"Waterfalls, Rivers & Nature Spots",Medium & Hidden Waterfalls,0,
Kithulgala River,"Waterfalls, Rivers & Nature Spots",Rivers & Natural Spots,,
Kelani River Viewpoints,"Waterfalls, Rivers & Nature Spots",Rivers & Natural Spots,,
Mahaweli River Banks,"Waterfalls, Rivers & Nature Spots",Rivers & Natural Spots,,
Gin River,"Waterfalls, Rivers & Nature Spots",Rivers & Natural Spots,,
Nilwala River,"Waterfalls, Rivers & Nature Spots",Rivers & Natural Spots,,
Deduru Oya Reservoir,"Waterfalls, Rivers & Nature Spots",Rivers & Natural Spots,,
Victoria Dam Viewpoint,"Waterfalls, Rivers & Nature Spots",Rivers & Natural Spots,,
Rantembe Dam Area,"Waterfalls, Rivers & Nature Spots",Rivers & Natural Spots,,
Udawalawa Reservoir,"Waterfalls, Rivers & Nature Spots",Rivers & Natural Spots,,
Sorabora Wewa,"Waterfalls, Rivers & Nature Spots",Rivers & Natural Spots,,
Kala Wewa,"Waterfalls, Rivers & Nature Spots",Rivers & Natural Spots,,
Parakrama Samudraya,"Waterfalls, Rivers & Nature Spots",Rivers & Natural Spots,,
Bundala Lagoon,"Waterfalls, Rivers & Nature Spots",Rivers & Natural Spots,,
Madu River Safari,"Waterfalls, Rivers & Nature Spots",Rivers & Natural Spots,,
Maduru Oya,"Waterfalls, Rivers & Nature Spots",Rivers & Natural Spots,,
Gal Oya,"Waterfalls, Rivers & Nature Spots",Rivers & Natural Spots,,
Kirindi Oya,"Waterfalls, Rivers & Nature Spots",Rivers & Natural Spots,,
Nawathispane River,"Waterfalls, Rivers & Nature Spots",Rivers & Natural Spots,,
Hatton Waterways,"Waterfalls, Rivers & Nature Spots",Rivers & Natural Spots,,
Belihuloya River Stretch,"Waterfalls, Rivers & Nature Spots",Rivers & Natural Spots,,
Kalu Ganga Banks,"Waterfalls, Rivers & Nature Spots",Rivers & Natural Spots,,
Uma Oya Area,"Waterfalls, Rivers & Nature Spots",Rivers & Natural Spots,,
Maskeliya Reservoir,"Waterfalls, Rivers & Nature Spots",Rivers & Natural Spots,,
Chandrika Wewa,"Waterfalls, Rivers & Nature Spots",Rivers & Natural Spots,,
Ridiyagama Reservoir,"Waterfalls, Rivers & Nature Spots",Rivers & Natural Spots,,
Yala National Park,National Parks & Wildlife Spots,Main Parks,,
Udawalawa National Park,National Parks & Wildlife Spots,Main Parks,,
Wilpattu National Park,National Parks & Wildlife Spots,Main Parks,,
Minneriya National Park,National Parks & Wildlife Spots,Main Parks,,
Kaudulla National Park,National Parks & Wildlife Spots,Main Parks,,
Horton Plains National Park,National Parks & Wildlife Spots,Main Parks,,
Kumana National Park,National Parks & Wildlife Spots,Main Parks,,
Bundala National Park,National Parks & Wildlife Spots,Main Parks,,
Wasgamuwa National Park,National Parks & Wildlife Spots,Main Parks,,
Gal Oya National Park,National Parks & Wildlife Spots,Main Parks,,
Maduru Oya National Park,National Parks & Wildlife Spots,Main Parks,,
Lahugala Kitulana,National Parks & Wildlife Spots,Main Parks,,
Sinharaja Forest Reserve,National Parks & Wildlife Spots,Main Parks,,
Knuckles Conservation Forest,National Parks & Wildlife Spots,Main Parks,,
Udawatta Kele Sanctuary,National Parks & Wildlife Spots,Main Parks,,
Anawilundawa Wetland,National Parks & Wildlife Spots,Main Parks,,
Kalametiya Bird Sanctuary,National Parks & Wildlife Spots,Main Parks,,
Bellanwila Wetland Park,National Parks & Wildlife Spots,Main Parks,,
Muthurajawela Marsh,National Parks & Wildlife Spots,Main Parks,,
Attidiya Bird Sanctuary,National Parks & Wildlife Spots,Main Parks,,
Ridiyagama Safari Park,National Parks & Wildlife Spots,Main Parks,,
Pinnawala Elephant Orphanage,National Parks & Wildlife Spots,Main Parks,,
Elephant Transit Home (Udawalawa),National Parks & Wildlife Spots,Main Parks,,
Rekawa Turtle Watch Area,National Parks & Wildlife Spots,Main Parks,,
Kosgoda Turtle Hatchery,National Parks & Wildlife Spots,Main Parks,,
Madunagala Hot Springs,National Parks & Wildlife Spots,Main Parks,,
Girithale Nature Park,National Parks & Wildlife Spots,Main Parks,,
Sigiriya Sanctuary,National Parks & Wildlife Spots,Main Parks,,
Pigeon Island National Park,National Parks & Wildlife Spots,Main Parks,,
Sembuwatta Lake,National Parks & Wildlife Spots,Main Parks,,
Lahugala Tank Area,National Parks & Wildlife Spots,Hidden Wildlife Areas,,
Nilgala Forest Area,National Parks & Wildlife Spots,Hidden Wildlife Areas,,
Nimalawa Sanctuary,National Parks & Wildlife Spots,Hidden Wildlife Areas,,
Madukanda Wildlife Area,National Parks & Wildlife Spots,Hidden Wildlife Areas,,
Kokkilai Lagoon Birds,National Parks & Wildlife Spots,Hidden Wildlife Areas,,
Pomparippu Wetlands,National Parks & Wildlife Spots,Hidden Wildlife Areas,,
Oddusuddan Forest Area,National Parks & Wildlife Spots,Hidden Wildlife Areas,,
Tabulam Forest Patch,National Parks & Wildlife Spots,Hidden Wildlife Areas,,
Nachchaduwa Sanctuary,National Parks & Wildlife Spots,Hidden Wildlife Areas,,
Galgiriyakanda Forest,National Parks & Wildlife Spots,Hidden Wildlife Areas,,
Sigiriya Rock Fortress,"Cultural, Historical & Religious Sites",Ancient Cities,,
Polonnaruwa Ancient City,"Cultural, Historical & Religious Sites",Ancient Cities,,
Anuradhapura Sacred City,"Cultural, Historical & Religious Sites",Ancient Cities,,
Yapahuwa Rock Fortress,"Cultural, Historical & Religious Sites",Ancient Cities,,
Mihintale,"Cultural, Historical & Religious Sites",Ancient Cities,,
Ritigala Monastery,"Cultural, Historical & Religious Sites",Ancient Cities,,
Dambulla Cave Temple,"Cultural, Historical & Religious Sites",Ancient Cities,,
Avukana Buddha Statue,"Cultural, Historical & Religious Sites",Ancient Cities,,
Isurumuniya Temple,"Cultural, Historical & Religious Sites",Ancient Cities,,
Jethavanaramaya,"Cultural, Historical & Religious Sites",Ancient Cities,,
Temple of Tooth,"Cultural, Historical & Religious Sites",Kandy Area,,
Peradeniya Botanical Garden,"Cultural, Historical & Religious Sites",Kandy Area,,
Udawattekele Sanctuary,"Cultural, Historical & Religious Sites",Kandy Area,,
Gadaladeniya Raja Maha Viharaya,"Cultural, Historical & Religious Sites",Kandy Area,,
Embekke Devalaya,"Cultural, Historical & Religious Sites",Kandy Area,,
Galle Fort,"Cultural, Historical & Religious Sites",Colombo & Galle,,
Dutch Reformed Church,"Cultural, Historical & Religious Sites",Colombo & Galle,,
Colombo National Museum,"Cultural, Historical & Religious Sites",Colombo & Galle,,
Gangaramaya Temple,"Cultural, Historical & Religious Sites",Colombo & Galle,,
Independence Memorial Hall,"Cultural, Historical & Religious Sites",Colombo & Galle,,
Nallur Kovil,"Cultural, Historical & Religious Sites",Jaffna & North,,
Jaffna Fort,"Cultural, Historical & Religious Sites",Jaffna & North,,
Nagadeepa Temple,"Cultural, Historical & Religious Sites",Jaffna & North,,
Keerimalai Hot Springs,"Cultural, Historical & Religious Sites",Jaffna & North,,
Delft Island Ruins,"Cultural, Historical & Religious Sites",Jaffna & North,,
Kataragama,"Cultural, Historical & Religious Sites",Religious & Cultural Temples,,
Mulkirigala Rock Temple,"Cultural, Historical & Religious Sites",Religious & Cultural Temples,,
Buduruwagala,"Cultural, Historical & Religious Sites",Religious & Cultural Temples,,
Munneswaram Temple,"Cultural, Historical & Religious Sites",Religious & Cultural Temples,,
Mannar Baobab Tree,"Cultural, Historical & Religious Sites",Religious & Cultural Temples,,
St. Anneâ€™s Shrine Talawila,"Cultural, Historical & Religious Sites",Religious & Cultural Temples,,
Dondra Lighthouse,"Cultural, Historical & Religious Sites",Religious & Cultural Temples,,
Aluvihara Temple,"Cultural, Historical & Religious Sites",Religious & Cultural Temples,,
Kelaniya Raja Maha Viharaya,"Cultural, Historical & Religious Sites",Religious & Cultural Temples,,
Seetha Amman Temple,"Cultural, Historical & Religious Sites",Religious & Cultural Temples,,
Dutch Fort Kalpitiya,"Cultural, Historical & Religious Sites",Colonial & Heritage,,
Old Hill Street Police Station,"Cultural, Historical & Religious Sites",Colonial & Heritage,,
Matara Fort,"Cultural, Historical & Religious Sites",Colonial & Heritage,,
Batticaloa Dutch Fort,"Cultural, Historical & Religious Sites",Colonial & Heritage,,
Trincomalee Fort,"Cultural, Historical & Religious Sites",Colonial & Heritage,,
Thuparamaya,"Cultural, Historical & Religious Sites",Unique Cultural Sites,,
Abhayagiri Dagoba,"Cultural, Historical & Religious Sites",Unique Cultural Sites,,
Lankatilaka Vihara,"Cultural, Historical & Religious Sites",Unique Cultural Sites,,
Gal Vihara,"Cultural, Historical & Religious Sites",Unique Cultural Sites,,
Rankoth Vehera,"Cultural, Historical & Religious Sites",Unique Cultural Sites,,
Vatadage,"Cultural, Historical & Religious Sites",Unique Cultural Sites,,
Sandakada Pahana Polonnaruwa,"Cultural, Historical & Religious Sites",Unique Cultural Sites,,
Royal Palace Ruins,"Cultural, Historical & Religious Sites",Unique Cultural Sites,,
Magul Maduwa Kandy,"Cultural, Historical & Religious Sites",Unique Cultural Sites,,
Degaldoruwa Cave Temple,"Cultural, Historical & Religious Sites",Unique Cultural Sites,,
Kalutara Bodhiya,"Cultural, Historical & Religious Sites",Unique Cultural Sites,,
Sri Pada Temple Area,"Cultural, Historical & Religious Sites",Unique Cultural Sites,,
Seruvila Mangala Raja Maha Vihara,"Cultural, Historical & Religious Sites",Unique Cultural Sites,,
Thanthirimale Rajamaha Viharaya,"Cultural, Historical & Religious Sites",Unique Cultural Sites,,
Kudumbigala Monastery,"Cultural, Historical & Religious Sites",Unique Cultural Sites,,
Sithulpawwa,"Cultural, Historical & Religious Sites",Unique Cultural Sites,,
Tissamaharama Dagoba,"Cultural, Historical & Religious Sites",Unique Cultural Sites,,
Yatala Dagoba,"Cultural, Historical & Religious Sites",Unique Cultural Sites,,
Jaffna Library,"Cultural, Historical & Religious Sites",Unique Cultural Sites,,
Point Pedro Lighthouse,"Cultural, Historical & Religious Sites",Unique Cultural Sites,,
Thirukoneswaram Temple,"Cultural, Historical & Religious Sites",Unique Cultural Sites,,
Koneswaram Viewpoint,"Cultural, Historical & Religious Sites",Unique Cultural Sites,,
Naguleswaram Temple,"Cultural, Historical & Religious Sites",Unique Cultural Sites,,
Chundikulam Sanctuary Temple Area,"Cultural, Historical & Religious Sites",Unique Cultural Sites,,
Kudiramalai Ruins,"Cultural, Historical & Religious Sites",Unique Cultural Sites,,
Mohideen Jumma Mosque Colombo,"Cultural, Historical & Religious Sites",Unique Cultural Sites,,
St. Luciaâ€™s Cathedral Colombo,"Cultural, Historical & Religious Sites",Unique Cultural Sites,,
Dutch Hospital Shopping Precinct,"Cultural, Historical & Religious Sites",Unique Cultural Sites,,
Old Parliament Building Colombo,"Cultural, Historical & Religious Sites",Unique Cultural Sites,,
Beira Lake Area,"Cultural, Historical & Religious Sites",Unique Cultural Sites,,
Meemure Village,"Rural, Eco & Hidden Gem Destinations",Main Rural & Hidden Gems,,
Riverston Forest Trails,"Rural, Eco & Hidden Gem Destinations",Main Rural & Hidden Gems,,
Belihuloya Hills,"Rural, Eco & Hidden Gem Destinations",Main Rural & Hidden Gems,,
Ohiya Village,"Rural, Eco & Hidden Gem Destinations",Main Rural & Hidden Gems,,
Rangala Village,"Rural, Eco & Hidden Gem Destinations",Main Rural & Hidden Gems,,
Kalawana Rainforest Area,"Rural, Eco & Hidden Gem Destinations",Main Rural & Hidden Gems,,
Rakwana Village,"Rural, Eco & Hidden Gem Destinations",Main Rural & Hidden Gems,,
Deniyaya,"Rural, Eco & Hidden Gem Destinations",Main Rural & Hidden Gems,,
Madolsima,"Rural, Eco & Hidden Gem Destinations",Main Rural & Hidden Gems,,
Mandaram Nuwara,"Rural, Eco & Hidden Gem Destinations",Main Rural & Hidden Gems,,
Bogawanthalawa,"Rural, Eco & Hidden Gem Destinations",Main Rural & Hidden Gems,,
Maskeliya Rural Trails,"Rural, Eco & Hidden Gem Destinations",Main Rural & Hidden Gems,,
Hapugastalawa,"Rural, Eco & Hidden Gem Destinations",Main Rural & Hidden Gems,,
Sigiriya Village Trails,"Rural, Eco & Hidden Gem Destinations",Main Rural & Hidden Gems,,
Hiriwadunna Village,"Rural, Eco & Hidden Gem Destinations",Main Rural & Hidden Gems,,
Dambana (Vedda Village),"Rural, Eco & Hidden Gem Destinations",Main Rural & Hidden Gems,,
Nilaveli Village Trails,"Rural, Eco & Hidden Gem Destinations",Main Rural & Hidden Gems,,
Panama Village,"Rural, Eco & Hidden Gem Destinations",Main Rural & Hidden Gems,,
Okanda Fishing Village,"Rural, Eco & Hidden Gem Destinations",Main Rural & Hidden Gems,,
Kudumbigala Forest Trails,"Rural, Eco & Hidden Gem Destinations",Main Rural & Hidden Gems,,
Galenbindunuwewa,"Rural, Eco & Hidden Gem Destinations",Additional Rural & Hidden Places,,
Medirigiriya,"Rural, Eco & Hidden Gem Destinations",Additional Rural & Hidden Places,,
Aranayaka,"Rural, Eco & Hidden Gem Destinations",Additional Rural & Hidden Places,,
Kitulgala Village,"Rural, Eco & Hidden Gem Destinations",Additional Rural & Hidden Places,,
Kalpitiya Lagoon Village,"Rural, Eco & Hidden Gem Destinations",Additional Rural & Hidden Places,,
Mannar Island Villages,"Rural, Eco & Hidden Gem Destinations",Additional Rural & Hidden Places,,
Delft Island Village,"Rural, Eco & Hidden Gem Destinations",Additional Rural & Hidden Places,,
Iranamadu Area,"Rural, Eco & Hidden Gem Destinations",Additional Rural & Hidden Places,,
Mullaitivu Lagoon,"Rural, Eco & Hidden Gem Destinations",Additional Rural & Hidden Places,,
Kokilai Fishing Villages,"Rural, Eco & Hidden Gem Destinations",Additional Rural & Hidden Places,,
Kuchchaveli Village,"Rural, Eco & Hidden Gem Destinations",Additional Rural & Hidden Places,,
Kitharana Rural Area,"Rural, Eco & Hidden Gem Destinations",Additional Rural & Hidden Places,,
Moragahapallama,"Rural, Eco & Hidden Gem Destinations",Additional Rural & Hidden Places,,
Wilgamuwa Village,"Rural, Eco & Hidden Gem Destinations",Additional Rural & Hidden Places,,
Padiyathalawa,"Rural, Eco & Hidden Gem Destinations",Additional Rural & Hidden Places,,
Lahugala Village,"Rural, Eco & Hidden Gem Destinations",Additional Rural & Hidden Places,,
Siyambalanduwa,"Rural, Eco & Hidden Gem Destinations",Additional Rural & Hidden Places,,
Monaragala Countryside,"Rural, Eco & Hidden Gem Destinations",Additional Rural & Hidden Places,,
Buttala Rural Fields,"Rural, Eco & Hidden Gem Destinations",Additional Rural & Hidden Places,,
Thanamalwila Village,"Rural, Eco & Hidden Gem Destinations",Additional Rural & Hidden Places,,
Udawalawa Village,"Rural, Eco & Hidden Gem Destinations",Additional Rural & Hidden Places,,
Sevanagala Sugarcane Area,"Rural, Eco & Hidden Gem Destinations",Additional Rural & Hidden Places,,
Inginiyagala,"Rural, Eco & Hidden Gem Destinations",Additional Rural & Hidden Places,,
Bibile,"Rural, Eco & Hidden Gem Destinations",Additional Rural & Hidden Places,,
Maha Oya,"Rural, Eco & Hidden Gem Destinations",Additional Rural & Hidden Places,,
Rambukkana Rural,"Rural, Eco & Hidden Gem Destinations",Additional Rural & Hidden Places,,
Mawanella Rural Hills,"Rural, Eco & Hidden Gem Destinations",Additional Rural & Hidden Places,,
Galaha Village,"Rural, Eco & Hidden Gem Destinations",Additional Rural & Hidden Places,,
Madulkele,"Rural, Eco & Hidden Gem Destinations",Additional Rural & Hidden Places,,
Rattota,"Rural, Eco & Hidden Gem Destinations",Additional Rural & Hidden Places,,
Kilinochchi Countryside,"Rural, Eco & Hidden Gem Destinations",Additional Rural & Hidden Places,,
Omantai,"Rural, Eco & Hidden Gem Destinations",Additional Rural & Hidden Places,,
Vavuniya Nature Spots,"Rural, Eco & Hidden Gem Destinations",Additional Rural & Hidden Places,,
Anuradhapura Lake Villages,"Rural, Eco & Hidden Gem Destinations",Additional Rural & Hidden Places,,
Panduwasnuwara Ruins,"Rural, Eco & Hidden Gem Destinations",Additional Rural & Hidden Places,,
Nikaweratiya,"Rural, Eco & Hidden Gem Destinations",Additional Rural & Hidden Places,,
Alawwa,"Rural, Eco & Hidden Gem Destinations",Additional Rural & Hidden Places,,
Nikadalupotha,"Rural, Eco & Hidden Gem Destinations",Additional Rural & Hidden Places,,
Warakapola,"Rural, Eco & Hidden Gem Destinations",Additional Rural & Hidden Places,,
Arugam Bay Backroads,"Rural, Eco & Hidden Gem Destinations",Additional Rural & Hidden Places,,
Mahawewa Village,"Rural, Eco & Hidden Gem Destinations",Additional Rural & Hidden Places,,
Kongala Forest,"Rural, Eco & Hidden Gem Destinations",Additional Rural & Hidden Places,,
Kataragama Jungle Trails,"Rural, Eco & Hidden Gem Destinations",Additional Rural & Hidden Places,,
Ussangoda National Park,"Rural, Eco & Hidden Gem Destinations",Additional Rural & Hidden Places,,
Weheragala Reservoir Area,"Rural, Eco & Hidden Gem Destinations",Additional Rural & Hidden Places,,
Kuchchaveli Coastal Forest,"Rural, Eco & Hidden Gem Destinations",Additional Rural & Hidden Places,,
Madampe Lagoon,"Rural, Eco & Hidden Gem Destinations",Additional Rural & Hidden Places,,
Rekawa Lagoon,"Rural, Eco & Hidden Gem Destinations",Additional Rural & Hidden Places,,
Galmadugama,"Rural, Eco & Hidden Gem Destinations",Additional Rural & Hidden Places,,
Handapanagala Lake Area,"Rural, Eco & Hidden Gem Destinations",Additional Rural & Hidden Places,,
One Galle Face Mall â€“ Colombo 02,Shopping Malls & Commercial Complexes,Colombo Major Malls,,
Colombo City Centre (CCC) â€“ Colombo 02,Shopping Malls & Commercial Complexes,Colombo Major Malls,,
Crescat Boulevard â€“ Colombo 03,Shopping Malls & Commercial Complexes,Colombo Major Malls,,
Liberty Plaza â€“ Colombo 03,Shopping Malls & Commercial Complexes,Colombo Major Malls,,
Majestic City (MC) â€“ Colombo 04,Shopping Malls & Commercial Complexes,Colombo Major Malls,,
Marino Mall â€“ Colombo 03,Shopping Malls & Commercial Complexes,Colombo Major Malls,,
Arcade Independence Square â€“ Colombo 07,Shopping Malls & Commercial Complexes,Colombo Major Malls,,
Dutch Hospital Shopping Precinct â€“ Colombo Fort,Shopping Malls & Commercial Complexes,Colombo Major Malls,,
Racecourse Shopping Complex â€“ Colombo 07,Shopping Malls & Commercial Complexes,Colombo Major Malls,,
Pettah Market Complex â€“ Colombo 11,Shopping Malls & Commercial Complexes,Colombo Major Malls,,
Unity Plaza â€“ Colombo 04,Shopping Malls & Commercial Complexes,Colombo Major Malls,,
Pettah Floating Market Area,Shopping Malls & Commercial Complexes,Colombo Major Malls,,
Colombo Gold Centre,Shopping Malls & Commercial Complexes,Colombo Major Malls,,
Liberty Arcade,Shopping Malls & Commercial Complexes,Colombo Major Malls,,
Lotus Tower,Modern Urban Attractions,Colombo,,
Galle Face Green,Modern Urban Attractions,Colombo,,
Viharamahadevi Park,Modern Urban Attractions,Colombo,,
Diyatha Uyana (Battaramulla),Modern Urban Attractions,Colombo,,
Parliament Grounds View Area,Modern Urban Attractions,Colombo,,
Beira Lake Walk,Modern Urban Attractions,Colombo,,
Port City Colombo Promenade,Modern Urban Attractions,Colombo,,
Nelum Pokuna Theatre,Modern Urban Attractions,Colombo,,
BMICH,Modern Urban Attractions,Colombo,,
Kandy City Centre (KCC Mall),Modern Urban Attractions,Kandy,,
Odel Mall â€“ Kandy,Modern Urban Attractions,Kandy,,
Kandy Market Hall,Modern Urban Attractions,Kandy,,
Negombo Fish Market Complex,Modern Urban Attractions,Negombo,,
Jaffna Market,Modern Urban Attractions,Jaffna,,
Cargills Square â€“ Jaffna,Modern Urban Attractions,Jaffna,,
Manalkadu Beach,Beaches & Coastal Destinations,North & North-West,4,https://www.tripadvisor.com/Attraction_Review-g304135-d19432961-Reviews-Manalkadu_Beach-Jaffna_Northern_Province.html
Kankesanthurai Beach,Beaches & Coastal Destinations,North & North-West,7,https://www.tripadvisor.com/Attraction_Review-g304135-d19432162-Reviews-Kankesanthurai_Beach-Jaffna_Northern_Province.html
